song_name,preference_pred
Unchained - 2015 Remaster___Van Halen,1.0
Experience Blues,0.0
Cornet Chop Suey - in Eb,1.0
Kapitel 426 - Der Page und die Herzogin,0.0
Discourse Is Dead___Architects,1.0
Chapter 186 - The Unlit Lamp,0.0
Queja Indiana - Remasterizado,0.0
Memento Mori (feat. Killstation)___Polyphia,1.0
Japonesita - Remasterizado,0.0
Sunny,0.0
Heah Me Talkin' To Ya?,1.0
Chapter 214.2 & Chapter 215 & Chapter 216.1 - Sprawy Sherlocka Holmesa,0.0
Rhapsody in Blue (for piano 4 hands),0.0
The Great Unknown___The Ghost Inside,1.0
Higher Power Part Duece,1.0
Girlfriend___Avril Lavigne,1.0
The Ballad of Mona Lisa___Panic! At The Disco,1.0
Earthwalker___In Hearts Wake,1.0
Kapitel 291 - Der Page und die Herzogin,0.0
Thanksラブレター___The Winking Owl,1.0
Fin de Fiesta - Remasterizado,0.0
Chapter 56 - The Unlit Lamp,0.0
Blossom___Ichika Nito,1.0
Son of Vengeance___Rhapsody Of Fire,1.0
The Worst In Me___Bad Omens,1.0
Cute Without The 'E' (Cut From The Team) - Remastered___Taking Back Sunday,1.0
Among My Souvenirs,0.0
"Stomp Off, Let's Go",0.0
Liar___Paramore,0.0
China - Remasterizado,0.0
Kingdom For A Heart___Sonata Arctica,1.0
Silence Means Nothing___River Becomes Ocean,1.0
Chapter 133.2 & Chapter 134.1 - Dolina strachu,0.0
Viper's Drag,0.0
Still of the Night - 2018 Remaster___Whitesnake,0.0
More Than Words___Extreme,0.0
Arap Raksı,0.0
Responso Malevo - Instrumental (Remasterizado),0.0
Shake That Thing,0.0
Struttin'With Some Barbecue,0.0
Gravity___Wage War,1.0
I'm Not Okay (I Promise)___My Chemical Romance,1.0
Psychosocial___Slipknot,1.0
Chapter 7.5 - Król Maciuś na wyspie bezludnej,0.0
Pobre Francesita - Remasterizado,0.0
Sincerita',0.0
Kapitel 29 - Der Page und die Herzogin,0.0
Open Up My Heart___The Winking Owl,1.0
"Piano Sonata No. 2 in B-Flat Minor, Op. 35: II. Scherzo",0.0
Глава 6.9 - Кюхля,0.0
Llora Tu Propio Dolor - Remasterizado,0.0
La chanson du trombone,0.0
Body and Soul,0.0
No More___Great American Ghost,1.0
Campana de Plata - Remasterizado,0.0
Hexed___Children Of Bodom,0.0
He's the Hottest Man In Town,0.0
I Got Rhythm,0.0
That's When I'll Come Back To You,0.0
Armor of Goddamn___Kublai Khan TX,0.0
Waiting for a Train,1.0
La Palmera - Instrumental (Remasterizado 2018),0.0
Damage Plan___Patient Sixty-Seven,1.0
Глава 9. Часть 2.6 - Кюхля,0.0
Strip Down Suit Up,0.0
Le Tango Neurasthénique,0.0
Chapter 32 - The Unlit Lamp,0.0
Cœur de Parisienne,0.0
Bite Me___Avril Lavigne,1.0
Gallo Ciego - Instrumental (Remasterizado),0.0
"Silent Night, Holy Night",0.0
Kapitel 321 - Der Page und die Herzogin,0.0
Bleach___Kingdom Of Giants,1.0
Kapitel 163 - Der Page und die Herzogin,0.0
I.H.E.___Miss May I,1.0
St. James___Avenged Sevenfold,0.0
Strike of the Beast___Exodus,1.0
A Shot in the Dark___Smash Into Pieces,1.0
En la Cortada - Remasterizado,0.0
"Chopin: Scherzo No. 1 in B Minor, Op. 20",0.0
Chapter 132 - The Unlit Lamp,0.0
Big Butter And Egg Man,0.0
Mala - Remasterizado,0.0
Pain Remains I: Dancing Like Flames___Lorna Shore,1.0
Aviator___Polyphia,1.0
Grandpa's Spells (Take 2),0.0
Chapter 2.14 - Król Maciuś Pierwszy,0.0
Branching Paths___Ichika Nito,1.0
Bobadilla - Instrumental (Remasterizado),0.0
Глава 5. Часть 1.13 - Кюхля,0.0
Become a Machine___Harms Way,1.0
Lock & Key___Intervals,1.0
Right Back At It Again___A Day To Remember,1.0
2 Minutes to Midnight - 2015 Remaster___Iron Maiden,1.0
Gypsyland,0.0
"Scherzo No. 2 in B-Flat Minor, Op. 31",0.0
Even God Has A Hell___Like Moths To Flames,1.0
Teras___Sylosis,1.0
Entrerriana - Remasterizado,0.0
Gunslinger___Avenged Sevenfold,1.0
Chapter 2.8 - Król Maciuś na wyspie bezludnej,0.0
Stacy's Mom___Bowling For Soup,1.0
Prey___Parkway Drive,1.0
Capítulo 2.6 - Corto Viaje a Casa,0.0
Avalanche___The Ghost Inside,1.0
Mina Que Te das a la Morfina - Remasterizado,0.0
Bend Down Sister,0.0
Honeysuckle Rose,0.0
Mandulinata A Napule,0.0
La Violetera - Instrumental (Remasterizado 2018),0.0
Chapter 63 - The Unlit Lamp,0.0
Cotillón - Remasterizado,0.0
Violetita - Remasterizado,0.0
Harder To Breathe___Maroon 5,1.0
Somebody Stole My Gal,0.0
Figure 8___Paramore,1.0
Глава 6.13 - Кюхля,0.0
It Soon Will Be Gone,0.0
Chapter 10.11 - Król Maciuś Pierwszy,0.0
Away Out On the Mountain,1.0
Every Time We Touch___Cole Rolland,1.0
Womb___Great American Ghost,1.0
Home Is For The Heartless___Parkway Drive,1.0
Día de Lluvia - Remasterizado,0.0
Twelfth Street Rag,0.0
Biminy,0.0
In a Mist,0.0
Uno,0.0
Yōkai___Within Destruction,1.0
Sabandija - Instrumental (Remasterizado),0.0
Decí Pebeta ¿Por Qué? - Remasterizado,0.0
El Cuchillo del Plata - Remasterizado,0.0
Yen___Slipknot,1.0
One with the Sun___Unearth,1.0
Chapter 4.6 - Król Maciuś Pierwszy,0.0
Pizpireta - Instrumental (Remasterizado),0.0
Chapter 167 - The Unlit Lamp,0.0
Fireworks,0.0
Глава 5. Часть 1.6 - Кюхля,0.0
Aisumasen (I'm Sorry) - Remastered 2010___John Lennon,0.0
En Douce,0.0
Black Beauty,0.0
Sad Song (feat. Elena Coats)___We The Kings,0.0
María - Remasterizado,0.0
There's A Cradle In Caroline! (feat. Bix Beiderbecke & Eddie Lang),0.0
Chapter 13 - The Unlit Lamp,0.0
This Calling___All That Remains,1.0
Calandria - Remasterizado,0.0
The Lightbringer___Battle Beast,1.0
Going Rogue___Dropout Kings,1.0
Kapitel 226 - Der Page und die Herzogin,0.0
Chapter 147.2 & Chapter 148.1 - Dolina strachu,0.0
Kapitel 64 - Der Page und die Herzogin,0.0
Happy Song___Bring Me The Horizon,1.0
La Rosita - Remasterizado,0.0
Leeloo___Veil Of Maya,1.0
Chapter 2.13 - Król Maciuś na wyspie bezludnej,0.0
Chapter 1.5 - Szkolne przygody Pimpusia Sadełko,0.0
Mr. Moustache___Nirvana,1.0
Socialized Animals___Great American Ghost,1.0
Doin' The New Low Down - Live,0.0
Porter Stomp,1.0
Chapter 241.2 & Chapter 242.1 - Sprawy Sherlocka Holmesa,0.0
Yo Te Recuerdo Madre,0.0
Law Abiding Citizen___Stray From The Path,1.0
Coffee___Copeland,0.0
Ebb & Flow___The Contortionist,1.0
Idilio,0.0
Last Chance To Dance (Bad Friend)___A Day To Remember,1.0
La Muchacha - Remasterizado,0.0
Máscara___Ill Niño,1.0
I Will Build You a Rome___Cain's Offering,1.0
Kapitel 78 - Der Page und die Herzogin,0.0
G.O.A.T.___Polyphia,1.0
When Everything Means Nothing___Fit For A King,1.0
The Only Exception___Paramore,1.0
Crosty___Polyphia,1.0
Kapitel 382 - Der Page und die Herzogin,0.0
Carmen : Ouverture,0.0
Kapitel 250 - Der Page und die Herzogin,0.0
Narcissist___VEXED,1.0
Slaughterhouse (feat. Bryan Garris Of Knocked Loose)___Motionless In White,1.0
"Faust, Acte 1, 1er Tableau, 2ème Partie:""Salut Ô Mon Dernier Matin""",0.0
"Bessie, Bessie, Bessie",0.0
"Nocturne in E Minor, Op. 72, No. 1",0.0
Perfect___Simple Plan,1.0
Through the Fire and Flames___DragonForce,1.0
Blood & Water___Memphis May Fire,1.0
Chapter 84.2 & Chapter 85.1 - Sprawy Sherlocka Holmesa,0.0
Chapter 70.2 & Chapter 71.1 - Sprawy Sherlocka Holmesa,0.0
Cast Down___Bleed From Within,1.0
High School Never Ends - Main Version - Explicit___Bowling For Soup,1.0
Turn the Sun off!___Imperial Age,1.0
David And Uriah,0.0
My Cutey's Due At Two To Two Today - Alt. Version,0.0
Tiger Rag,0.0
Antoine,0.0
Chapter 14 - The Unlit Lamp,0.0
Slaves Beyond Death___Thy Art Is Murder,1.0
Romeo's Distress___Christian Death,1.0
Torn to Pieces___Pop Evil,1.0
Chapter 75 - The Unlit Lamp,0.0
Глава 10. Часть 1.8 - Кюхля,0.0
Глава 10. Часть 1.4 - Кюхля,0.0
Dinah,0.0
The Final Lullaby (feat. Shining)___Epica,1.0
If You Can't Hang___Sleeping With Sirens,1.0
Nochebuena - Remasterizado,0.0
Disobey___Crystal Lake,1.0
Ory's Creole Trombone,0.0
When Everything Means Nothing (feat. Jake Luhrs)___August Burns Red,1.0
Backyard Beach___Ferb,1.0
Second Heartbeat___Avenged Sevenfold,1.0
"The Four Seasons: 'Winter' in F Minor, RV 297: Allegro non Molto - Choral Version",0.0
Sax-o-phun - A Study In Laugh and Slap Tongue,0.0
Robbie Doby Boogie,1.0
Глава 12.9 - Кюхля,0.0
Kapitel 425 - Der Page und die Herzogin,0.0
Kapitel 325 - Der Page und die Herzogin,0.0
Daybreak,0.0
Strange Love___Low Hum,0.0
J'suis Nature,0.0
Kapitel 37 - Der Page und die Herzogin,0.0
Kapitel 438 - Der Page und die Herzogin,0.0
Chapter 196.2 & Chapter 197.1 - Sprawy Sherlocka Holmesa,0.0
Pensalo Bien - Instrumental (Remasterizado),0.0
Micifuz - Remasterizado,0.0
Chapter 105.2 & Chapter 106.1 - Sprawy Sherlocka Holmesa,0.0
Chapter 54 - The Unlit Lamp,0.0
Chapter 1.19 - Zamek kaniowski,0.0
Misery's Crown___Dark Tranquillity,1.0
Arrow of Love___Electric Callboy,0.0
Chapter 133 - The Unlit Lamp,0.0
Yeter Artık,0.0
Voices___Motionless In White,1.0
Chapter 121 - The Unlit Lamp,0.0
Bowser's Castle___Belmont,1.0
Who'sit,0.0
Vodka___Korpiklaani,1.0
Remedy___Seether,1.0
Sol___Oceans Ate Alaska,1.0
(What Did I Do to Be So) Black and Blue,0.0
Kapitel 406 - Der Page und die Herzogin,0.0
Mocosita - Instrumental (Remasterizado),0.0
To Be With You - 2010 Remastered Version___Mr. Big,0.0
Medias de Seda - Remasterizado,0.0
"Danger Zone - From ""Top Gun"" Original Soundtrack___Kenny Loggins",1.0
Chapter 74 - The Unlit Lamp,0.0
Rat King___Great American Ghost,1.0
Welcome to My Life___Simple Plan,1.0
Hero___Skillet,1.0
Kapitel 47 - Der Page und die Herzogin,0.0
Глава 1.5 - Кюхля,0.0
Kapitel 296 - Der Page und die Herzogin,0.0
Night Crossing___Bleed From Within,0.0
Chapter 78.2 & Chapter 79.1 - Sprawy Sherlocka Holmesa,0.0
Chapter 57 - The Unlit Lamp,0.0
Sacate la Caretita - Remasterizado,0.0
Mahur Medhal,0.0
El Batidor - Remasterizado,0.0
Act Like That___State Champs,1.0
Anita,0.0
Elle Vendait Des P'tits Gateaux,0.0
Vagabond___Polaris,0.0
Amargado - Instrumental (Remasterizado),0.0
22 Faces___Periphery,1.0
Kapitel 52 - Der Page und die Herzogin,0.0
Pobre Cotorro - Remasterizado,0.0
Kapitel 124 - Der Page und die Herzogin,0.0
Si Si Es Mi Nena - Remasterizado,0.0
Not Afraid___Eminem,1.0
Kapitel 316 - Der Page und die Herzogin,0.0
Outside___Staind,1.0
Pop___*NSYNC,1.0
Kennedy___Shin Guard,1.0
Fabulous___Phineas,1.0
Chapter 5.13 - Król Maciuś na wyspie bezludnej,0.0
Chapter 111.2 & Chapter 112.1 - Dolina strachu,0.0
Inception of the End___Trivium,1.0
Kapitel 373 - Der Page und die Herzogin,0.0
Fiesta Criolla - Remasterizado,0.0
On My Own___7UPPERCUTS,1.0
Oh! If I Only Had You,0.0
Empire Of Dirt___Varials,1.0
Ory's Creole Trombone,0.0
Hurrikan___Electric Callboy,0.0
Chapter 1.8 - Król Maciuś na wyspie bezludnej,0.0
Al Eh Helef Maykalemneesh,0.0
Chapter 164 - The Unlit Lamp,0.0
Valencia,0.0
The Path___Fit For A King,1.0
Gitchee Gitchee Goo___Phineas and the Ferbtones,1.0
My Disguise___Currents,1.0
Chapter 7.3 - Król Maciuś na wyspie bezludnej,0.0
Paralyzed___LANDMVRKS,1.0
Someone To Watch Over Me,0.0
Mi Suegra No Me Quiere - Remasterizado,0.0
Wherever You Will Go___The Calling,1.0
Kapitel 45 - Der Page und die Herzogin,0.0
Runaway___Linkin Park,1.0
Sleeping in My Car___Children Of Bodom,1.0
Fiscal Firetruck,0.0
Speechless___Bleed From Within,1.0
"Good Bye To Chain Stores, Part 2",0.0
Island In The Sun___Weezer,1.0
Chapter 42.2 & Chapter 43.1 - Dolina strachu,0.0
Nagasaki,0.0
Only Death Is Real___Stray From The Path,1.0
Comandante Franco - Remasterizado,0.0
Chapter 2.11 - Król Maciuś na wyspie bezludnej,0.0
Chapter 113 - The Unlit Lamp,0.0
Na Na Na (Na Na Na Na Na Na Na Na Na)___My Chemical Romance,1.0
In Somnus Veritas___Polaris,0.0
Chapter 9.12 - Król Maciuś Pierwszy,0.0
Since U Been Gone___A Day To Remember,1.0
Welcome to Paradise___Green Day,1.0
Ojazos Color de Mar - Remasterizado,0.0
Life of Exile___Shadow of Intent,1.0
Mistakes Like Fractures - Lofi___Mik,1.0
Глава 3. Часть 1.11 - Кюхля,0.0
That's What You Get___Paramore,1.0
Low___Wage War,1.0
Chapter 84.2 & Chapter 85 & Chapter 86.1 - Dolina strachu,0.0
Capítulo 3.6 & Capítulo 4.1 - la Casa Maldita,0.0
Jesus Gonna Make up My Dying Bed,0.0
Kapitel 369 - Der Page und die Herzogin,0.0
A Desert Throne___Septicflesh,1.0
Chapter 60 - The Unlit Lamp,0.0
Chapter 26.2 & Chapter 27 & Chapter 28.1 - Dolina strachu,0.0
Cross and Evil Woman Blues,0.0
Aquel Cuartito de la Pensión - Remasterizado,0.0
Crooked Path___Polaris,1.0
Chapter 4.18 - Król Maciuś Pierwszy,0.0
Kapitel 26 - Der Page und die Herzogin,0.0
Chapter 1.4 - Król Maciuś na wyspie bezludnej,0.0
Por Donde Andará - Instrumental (Remasterizado),0.0
My Heart Will Go On___DragonForce,1.0
Parallax,0.0
Billy No Mates___Knocked Loose,1.0
Глава 7. Часть 1.3 - Кюхля,0.0
Sentimental Journey,0.0
That Rhythm Man,0.0
Nobody Knows You When You're Down and Out,0.0
Chapter 67.2 & Chapter 68 & Chapter 69.1 - Sprawy Sherlocka Holmesa,0.0
Глава 10. Часть 1.9 - Кюхля,0.0
Spirit Breaker___Alpha Wolf,1.0
Distortion___BABYMETAL,1.0
Sing For The Moment___Eminem,1.0
No me Escribas - Instrumental (Remasterizado),0.0
Pickin' On Your Baby,0.0
"Chopin: Nocturne No. 6 in G Minor, Op. 15 No. 3",0.0
A Monday Date,0.0
You Made Me Love You,0.0
Goin' up the Country,0.0
Smile___TesseracT,1.0
The Rock Show___blink-182,1.0
Chapter 36 - The Unlit Lamp,0.0
Sidewalk Blues - 1990 Remastered - Take 2,0.0
Chapter 7.7 - Król Maciuś Pierwszy,0.0
Marie,0.0
Pump It___Black Eyed Peas,1.0
Big Fat Ma and Skinny Pa,0.0
Chapter 4.12 - Król Maciuś Pierwszy,0.0
"Sword In Mouth, Fire Eyes___Norma Jean",1.0
Chapter 6.17 - Król Maciuś na wyspie bezludnej,0.0
Everything Remains as It Never Was___Eluveitie,1.0
Besos - Instrumental (Remasterizado),0.0
Fall___Neck Deep,1.0
Heartbreak Hotel,0.0
i miss you___Ichika Nito,1.0
Keyhole Blues,0.0
Flesh And Stone___Bleed From Within,1.0
Chicago Breakdown,0.0
L'homme Du Milieu,0.0
Kapitel 290 - Der Page und die Herzogin,0.0
Contagion___The Devil Wears Prada,1.0
Unconditional Love___Real Friends,1.0
Sunset Cafe Stomp,0.0
Every Night About This Time,0.0
As You Lie Sleeping,0.0
Duality___Slipknot,1.0
Don't Let Me Fade Away___Wage War,1.0
Ước Mơ___Microwave,1.0
Ally___ichikoro,0.0
Глава 2. Часть 2.5 - Кюхля,0.0
"Carmen : Acte IV - C'est toi, c'est moi (Duo final)",0.0
Глава 1.7 - Кюхля,0.0
Collateral Damage___Fit For An Autopsy,1.0
El Jazmín de Mi Ventana - Remasterizado,0.0
Bella Donna___Beast In Black,1.0
Chapter 1 & Chapter 2.1 - Sprawy Sherlocka Holmesa,0.0
Sol Mio - Remasterizado,0.0
Sidewalk Blues,0.0
Shake Your Ashes - Live,0.0
Chapter 3.13 - Król Maciuś na wyspie bezludnej,0.0
No Folling - Instrumental (Remasterizado),0.0
Chapter 86.2 & Chapter 87.1 - Sprawy Sherlocka Holmesa,0.0
Milonga Criolla - Instrumental (Remasterizado),0.0
Asi me Dejas - Remasterizado,0.0
Hysteria___Spiritbox,1.0
Kapitel 362 - Der Page und die Herzogin,0.0
Comme un moineau,0.0
She's Gone___STEELHEART,0.0
Siempre Amigos - Remasterizado,0.0
Killing In the Name___Rage Against The Machine,1.0
All The Things She Said___t.A.T.u.,1.0
Prayer___Disturbed,1.0
Melodía de Amor - Remasterizado,0.0
Chapter 4.7 - Król Maciuś Pierwszy,0.0
Si Vous N'aimez Pas Ca,0.0
"Pain Remains II: After All I've Done, I'll Disappear___Lorna Shore",1.0
Move It or Lose It___The Home Team,1.0
Tear It Down___We Came As Romans,1.0
Temple Of Lunacy___Bleed From Within,1.0
Swerve (feat. FEVER 333 & Sueco)___Papa Roach,1.0
Rock You Like a Hurricane - 2011___Scorpions,1.0
Jail-House Blues,0.0
Lightning to the Nations___Diamond Head,1.0
Oriental Strut,0.0
Irrational Pull___156/Silence,0.0
Fireworks,0.0
Kapitel 295 - Der Page und die Herzogin,0.0
I'm So Sick___Flyleaf,1.0
Chapter 155 - The Unlit Lamp,0.0
Don't Forget To Mess Around,0.0
dwell___thrown,1.0
Poster Child___Born Of Osiris,1.0
Comatose___Skillet,1.0
Kapitel 119 - Der Page und die Herzogin,0.0
Mimosita - Remasterizado,0.0
Глава 4. Часть 2.4 - Кюхля,0.0
Aching Longing___Holding Absence,1.0
Altar of Snakes___Great American Ghost,1.0
Rum and Coca Cola,0.0
Keepin' Out of Mischief Now,0.0
Farolito Viejo - Instrumental (Remasterizado),0.0
Cosmic Meltdown___King Mothership,1.0
Nerón - Remasterizado,0.0
Глава 9. Часть 2.9 - Кюхля,0.0
Destiny - Remastered 2016___Stratovarius,1.0
The Brave___The Ghost Inside,1.0
Gully Low Blues,0.0
"Sonata No. 3, Op. 23 in F-Sharp Minor: III. Andante",0.0
The Twelves,0.0
La Querencia - Remasterizado,0.0
Green Squirrel In Pretty Bad Shape___Hot Mulligan,1.0
Глава 8. Часть 1.6 - Кюхля,0.0
Chapter 10.4 - Król Maciuś Pierwszy,0.0
C'est La Mode Et Voila Tout,0.0
Wasting My Time___Default,1.0
El Olivo - Remasterizado,0.0
Kapitel 215 - Der Page und die Herzogin,0.0
Reaper___Fit For A King,1.0
Padre - Remasterizado,0.0
Chapter 106.2 & Chapter 107.1 - Sprawy Sherlocka Holmesa,0.0
"Étude in A-Flat Major, Op. 25, No. 1 ""Aeolian Harp""",0.0
Kapitel 252 - Der Page und die Herzogin,0.0
Глава 2. Часть 2.10 - Кюхля,0.0
Chapter 154.2 & Chapter 155.1 - Dolina strachu,0.0
Reign of Darkness___Thy Art Is Murder,1.0
The Cat - Instrumental (Remasterizado),1.0
Open Arms To Damnation___Born Of Osiris,1.0
Welcome To Hell___Venom,1.0
Ain't Got Rhythm___Phineas,1.0
"Straight Alky Blues, Pt. 2",0.0
Soy Siempre Tuyo - Instrumental (Remasterizado),0.0
Chapter 138 - The Unlit Lamp,0.0
We Stitch These Wounds___Black Veil Brides,1.0
Goose Pimples,1.0
Tight Like This,0.0
Black___Trivium,0.0
Глава 6.3 - Кюхля,0.0
Chapter 5.19 - Król Maciuś Pierwszy,0.0
Don't Stop Me Now___Queen,0.0
Nashville Woman's Blues,0.0
Amigazo - Instrumental (Remasterizado),0.0
Глава 2. Часть 2.6 - Кюхля,0.0
Khayef Yekoon Hobbak,0.0
Lo Comprendí en tu Mirada - Instrumental (Remasterizado),0.0
Hear Me Now___Hollywood Undead,1.0
You Can't Shush Katie,0.0
Virgencita del Talar - Remasterizado,0.0
Torn___Neck Deep,1.0
Wild Man Blues,0.0
Moi J'fais Mes Coups En Dessous,1.0
Mary On A Cross___Ghost,1.0
Flor Marchita - Remasterizado,0.0
Mia Fuiste - Instrumental (Remasterizado),0.0
Swan Song___Betraying The Martyrs,1.0
Barrio Reo - Remasterizado,0.0
Kapitel 142 - Der Page und die Herzogin,0.0
Lost Love,0.0
Wolverine Blues - 1990 Remastered - Take 1,0.0
Greater Distance - Live___The Ghost Inside,1.0
Dying in Your Arms___Trivium,1.0
Kapitel 265 - Der Page und die Herzogin,0.0
"Yes Sir, That's My Baby - Remastered",0.0
Siberia,1.0
Your Feet's Too Big,0.0
Chapter 148.2 & Chapter 149.1 - Dolina strachu,0.0
Chapter 63.2 & Chapter 64.1 - Dolina strachu,0.0
Way Down Yonder In New Orleans (feat. Bix Beiderbecke),0.0
Song of Storms___A Sense of Purpose,1.0
Play With Me___Extreme,0.0
Le Petit Amant,0.0
Organito - Instrumental (Remasterizado),0.0
The End of the World___God Forbid,1.0
Purple Daze,1.0
Глава 3. Часть 2.2 - Кюхля,0.0
Harlem On My Mind,0.0
Capítulo 1.5 - Banquero Anarquista,0.0
Yes! I'm in the Barrel,0.0
El Silbido - Remasterizado,0.0
Faint___Linkin Park,1.0
Kapitel 201 - Der Page und die Herzogin,0.0
Lorenzo - Instrumental (Remasterizado),1.0
My Fate Is In Your Hands,0.0
Gaucho - Remasterizado,0.0
Kapitel 209 - Der Page und die Herzogin,0.0
Nightfall___The Devil Wears Prada,1.0
Into Despair___Currents,1.0
Akudama___Alpha Wolf,1.0
Chapter 5.19 - Król Maciuś na wyspie bezludnej,0.0
Capítulo 2.15 - Banquero Anarquista,0.0
Click Click Boom___Saliva,1.0
Chapter 6.2 & Chapter 7.1 - Dolina strachu,0.0
Deluge___After The Burial,1.0
Two Towers___Fit For An Autopsy,1.0
Beast and the Harlot___Avenged Sevenfold,1.0
Chapter 165 - The Unlit Lamp,0.0
Oriental Strut,0.0
Chapter 1.20 & Chapter 2.1 - Król Maciuś Pierwszy,0.0
Artículo de Lujo - Remasterizado,0.0
Chapter 3.8 - Król Maciuś Pierwszy,0.0
Waking the Demon___Bullet For My Valentine,1.0
Please Don't Talk About Me When I'm Gone,0.0
Bottle of Wine,1.0
Ultra-Violet Violence___Alpha Wolf,1.0
Kapitel 344 - Der Page und die Herzogin,0.0
Like a Shadow___Holding Absence,1.0
Until the Day I Die___Story Of The Year,1.0
Mahogany Hall Stomp,1.0
Kapitel 385 - Der Page und die Herzogin,0.0
West End Blues,0.0
Cornet Chop Suey,0.0
Better Days___Currents,1.0
Opium___Moonspell,0.0
La Villette,0.0
La Payasa - Remasterizado,0.0
Chapter 143.2 & Chapter 144.1 - Dolina strachu,0.0
Penas Del Arrabal - Remasterizado,0.0
Trapped___The Amsterdam Red Light District,1.0
Kryptonite___3 Doors Down,1.0
Love It When You Hate Me (feat. blackbear)___Avril Lavigne,1.0
"My Grief, My Sorrow___Feared",1.0
Potato Head Blues,1.0
Chapter 109.2 & Chapter 110.1 - Sprawy Sherlocka Holmesa,0.0
Luminary___TesseracT,1.0
Of Mind - Nocturne___TesseracT,1.0
Shape of my Heart___Oceans Ate Alaska,1.0
"My Curse - Live, 2012___Killswitch Engage",1.0
Felix the Cat,0.0
Heaven and Hell - 2008 Remaster___Black Sabbath,0.0
Infected___Eyes Set To Kill,1.0
Chapter 47 - The Unlit Lamp,0.0
A Clock Without A Craftsman___Lee McKinney,1.0
Los Burros - Remasterizado,0.0
アイハキミノモノ___Broken By The Scream,1.0
Call Me Maybe___Upon This Dawning,1.0
Square Hammer___Ghost,1.0
Eat Up___Ausi,1.0
Missing Limbs___Sleep Token,0.0
I'm Confessin' (That I Love You),0.0
Chapter 40 - The Unlit Lamp,0.0
Chapter 46.2 & Chapter 47.1 - Dolina strachu,0.0
No Me Abandones - Remasterizado,1.0
Do I Worry?,0.0
Kapitel 314 - Der Page und die Herzogin,0.0
Fosforerita - Remasterizado,0.0
El Barrio Está Triste - Remasterizado,0.0
"My Black Mama, Pt. 1",0.0
Secrets___State Champs,1.0
Chapter 118 - The Unlit Lamp,0.0
Глава 9. Часть 1.12 & Глава 9. Часть 2.1 - Кюхля,0.0
Blue Yodel 4,1.0
The Audacity (feat. Anomalie)___Polyphia,1.0
En la Cruz,0.0
Electric Sunrise___Plini,1.0
Crooked___Dealer,1.0
Tendinitis___Jason Richardson,1.0
I Can't Give You Anything but Love,0.0
Deeper Sleep___Stepson,1.0
Kapitel 352 - Der Page und die Herzogin,0.0
Cornet Chop Suey - in Eb,1.0
Carmen : Acte II - Nous avons en tête une affaire (Quintette),0.0
Naysayer___Architects,1.0
Chapter 127.2 & Chapter 128.1 - Sprawy Sherlocka Holmesa,0.0
The Remedy___Polaris,1.0
Smashin' Thirds,0.0
Kapitel 287 - Der Page und die Herzogin,0.0
The Pearls - 1995 Remastered,0.0
Chapter 63.2 & Chapter 64.1 - Sprawy Sherlocka Holmesa,0.0
Kapitel 100 - Der Page und die Herzogin,0.0
Kapitel 297 - Der Page und die Herzogin,0.0
Kapitel 67 - Der Page und die Herzogin,0.0
Mess___Real Friends,1.0
Watch Me Burn___Crystal Lake,1.0
A Shropshire Lad: With Rue My Heart is Laden,0.0
Chapter 261.2 & Chapter 262 & Chapter 263.1 - Sprawy Sherlocka Holmesa,0.0
(I'll Be Glad When You're Dead) You Rascal You,0.0
Tradición - Instrumental (Remasterizado),0.0
Smooth as Sade,1.0
Tempest Of Blades___Battle Beast,1.0
What Mirrors Might Reflect___Counterparts,1.0
"Humoreske, Op. 20: Hastig",0.0
Capítulo 1.20 - Banquero Anarquista,0.0
Chapter 74.2 & Chapter 75.1 - Sprawy Sherlocka Holmesa,0.0
Strength of the Mind___Killswitch Engage,1.0
Dominate___VEXED,1.0
Die by the Blade___Beast In Black,1.0
Cap Polonio - Remasterizado,0.0
Chapter 6.9 - Król Maciuś Pierwszy,0.0
Chapter 104.2 & Chapter 105.1 - Dolina strachu,0.0
Better Than Me___Hinder,1.0
Fifth Street Blues,0.0
Crack Your Heart___Deadships,1.0
Come Up And See Me Sometime,0.0
Smoke Signals___NOVELISTS,1.0
Noche Callada - Instrumental (Remasterizado),0.0
A Su Memoria - Remasterizado,0.0
Foregone Pt. 1___In Flames,1.0
I Am Loco___Ill Niño,1.0
In the End___Linkin Park,1.0
In The End___Black Veil Brides,1.0
Escucha mi Dolor - Instrumental (Remasterizado),0.0
Avec Son Pot D'géranium,0.0
La Querencia - Remasterizado,0.0
Endless Forms Most Beautiful___Nightwish,0.0
El Que Dirán - Instrumental (Remasterizado 2018),0.0
Twelfth Street Rag,0.0
Knee Drops,0.0
Bye and Bye I'm Goin' to See the King,0.0
Flight of Icarus - 2015 Remaster___Iron Maiden,1.0
Kapitel 1 - Der Page und die Herzogin,0.0
Cho Nguoi Noi Ay___Pham Anh Khoa,1.0
Here We Go Again___Paramore,1.0
Disasterpiece___Slipknot,1.0
"This Ain't A Scene, It's An Arms Race___Fall Out Boy",1.0
ACTION___DON BROCO,1.0
Eye of the Storm___Pop Evil,1.0
Gone With The Wind___Architects,1.0
Low Land Blues,0.0
Ave Maria,0.0
Wild Man Blues,0.0
Cuando Buda Sonríe - Remasterizado,0.0
What It Cost___Bad Omens,1.0
Holy Diver___Killswitch Engage,1.0
False Flag___Stray From The Path,1.0
thinking of you___Ichika Nito,1.0
deemed - demo___cleopatrick,0.0
That's How I Feel About You,0.0
A.D.I.D.A.S.___Korn,1.0
Tight Like This,0.0
Blue and the Grey___Parkway Drive,1.0
L'amour Est Un Jeu,0.0
Fears Don't Matter___Blame Me!,1.0
Sin Destino - Instrumental (Remasterizado),0.0
Packin' Trunk Blues,0.0
He Is___Ghost,1.0
Mercy___Sylosis,0.0
Like That___Sleep Token,1.0
Kapitel 213 - Der Page und die Herzogin,0.0
Blew___Nirvana,1.0
High Horse___Wage War,1.0
Chapter 137 - The Unlit Lamp,0.0
Capítulo 1.24 - Banquero Anarquista,0.0
Han de Llorar Tus Ojos la Pena Mia - Remasterizado,0.0
Rage___Bleeding Through,1.0
Ostrich Walk (feat. Bix Beiderbecke),0.0
Ahí Va el Dulce - Remasterizado,0.0
This Could Be Anywhere In The World___Alexisonfire,1.0
Mis Harapos - Remasterizado,0.0
Got No Blues,1.0
Chapter 253.2 & Chapter 254.1 - Sprawy Sherlocka Holmesa,0.0
Shape Shifters___The Faceless,1.0
JAP___Abingdon Boys School,1.0
War?___System Of A Down,1.0
Unholy Warcry___Rhapsody Of Fire,1.0
J'aime pas ca,0.0
And Mimi,0.0
"La Tosca : Oui, l'on me dit vénal",0.0
Pizza___Attila,1.0
"Das Christelflein, Op. 20: Overture - Excerpts",0.0
Bow Down___I Prevail,1.0
Pas Pour Moi,0.0
Oiga Amigo - Remasterizado,0.0
Chapter 1.12 - Zamek kaniowski,0.0
Muggles,0.0
Through My Eyes___Threat Signal,1.0
Tanita de la Proa - Remasterizado,0.0
Chapter 3.11 - Król Maciuś Pierwszy,0.0
Golden___We Came As Romans,1.0
Глава 9. Часть 1.7 - Кюхля,0.0
Here For War___Dragged Under,1.0
Orb___Ichika Nito,0.0
"I Put A Spell On You - Live at the Apollo Theatre, New York, NY - Sept. 1956",0.0
Chapter 130 - The Unlit Lamp,0.0
Les Épouseux Du Berry,0.0
Глава 2. Часть 1.9 - Кюхля,0.0
Writing On The Walls___Underoath,1.0
Immortal Rites___Morbid Angel,0.0
"On the Sunny Side of the Street (From ""Is Everybody Happy?"")",0.0
Potato Head Blues,0.0
Departure___Trivium,1.0
That’s What I Like___Dance Gavin Dance,1.0
Quicksand___Dayseeker,1.0
Neighbourhood Watch___Stray From The Path,1.0
Bullet With a Name___Nonpoint,1.0
Take Me First___Bad Omens,1.0
Ben Dewberry's Final Run,1.0
The River___Wage War,1.0
Sovereign___Bleed From Within,1.0
Gully Low Blues,0.0
Highway Star - 2012 Remaster___Deep Purple,1.0
Chapter 71 - The Unlit Lamp,0.0
Son of Odin___Brothers of Metal,1.0
Chapter 21 - The Unlit Lamp,0.0
Freedom___Battle Beast,0.0
Criminally Insane___Slayer,1.0
Añoranza - Remasterizado,0.0
Kapitel 73 - Der Page und die Herzogin,0.0
Chapter 14.2 & Chapter 15.1 - Dolina strachu,0.0
El Ciruja - Remasterizado,0.0
I Can't Give You Anything But Love,0.0
Noche Callada - Remasterizado,0.0
Patio Olvidado - Remasterizado,0.0
She's A God___Neck Deep,1.0
Maullidos - Remasterizado,0.0
I Don't Wanna Be Me - Edit___Type O Negative,0.0
Riptide___Sick Puppies,0.0
Capítulo 2.13 & Capítulo 3.1 - Corto Viaje a Casa,0.0
The Void___Solstate,0.0
Mon Anisette,0.0
Concrete___Poppy,1.0
Can't Help Lovin' Dat Man,0.0
Nubes de Humo - Remasterizado,0.0
Chapter 118.2 & Chapter 119.1 - Dolina strachu,0.0
Chapter 95 - The Unlit Lamp,0.0
Functionizin',0.0
Sugar Rose,0.0
Kapitel 315 - Der Page und die Herzogin,0.0
Nostalgias,0.0
Thinking of You___A. Yarmak,1.0
Chapter 159.2 & Chapter 160.1 - Sprawy Sherlocka Holmesa,0.0
In Hell Is Where She Waits for Me___The Black Dahlia Murder,1.0
"Carmen : Acte III - Ecoute, compagnon, Notre métier (Choeur et sextuor)",0.0
Sueño Gaucho - Remasterizado,0.0
Chapter 95.2 & Chapter 96 & Chapter 97.1 - Sprawy Sherlocka Holmesa,0.0
Two Suns___Kingdom Of Giants,1.0
Chapter 7.12 - Król Maciuś na wyspie bezludnej,0.0
Consuelo - Remasterizado,0.0
Chapter 197.2 & Chapter 198.1 - Sprawy Sherlocka Holmesa,0.0
Waiting for a Train,1.0
Pump It___Electric Callboy,1.0
Quereme Serrana - Remasterizado,0.0
Глава 1.10 & Глава 2. Часть 1.1 - Кюхля,0.0
Call from the Grave___Bathory,0.0
Daddy and Home,1.0
Chapter 6.3 - Król Maciuś na wyspie bezludnej,0.0
Trago Amargo - Instrumental (Remasterizado),0.0
Chapter 4.9 - Król Maciuś na wyspie bezludnej,0.0
Cake Walking Babies (From Home),0.0
Kapitel 364 - Der Page und die Herzogin,0.0
Crushed___Parkway Drive,1.0
"Carmen : Acte II - Vivat! Vivat! Le toréro! (Air d'Escamillo) - Votre toast, je peux vous le rendre (Choeur)",0.0
Sloppy Drunk Blues,0.0
Nuits De Chine,0.0
Kapitel 365 - Der Page und die Herzogin,0.0
Capítulo 2.16 - Banquero Anarquista,0.0
Riquita,0.0
Wait___Earshot,0.0
Black Hoodie___Body Count,1.0
i'm gonna tell my therapist on you___Pinkshift,1.0
Galletita - Remasterizado,0.0
Patroncita - Instrumental (Remasterizado),0.0
I've Got The World On A String,0.0
Into the Earth___Lorna Shore,1.0
Kapitel 186 - Der Page und die Herzogin,0.0
Chapter 9 - The Unlit Lamp,0.0
Year 3000___Jonas Brothers,1.0
HUNTING FOR YOUR DREAM___GALNERYUS,1.0
Alligator Crawl,0.0
Kapitel 16 - Der Page und die Herzogin,0.0
Chapter 110.2 & Chapter 111.1 - Sprawy Sherlocka Holmesa,0.0
Chapter 2.8 - Król Maciuś Pierwszy,0.0
Marguerite,0.0
Chapter 156 - The Unlit Lamp,0.0
Amana Ayoha Al Kamr Al Motel,0.0
C'était Une Autre Epoque,0.0
Beverly Hills___Weezer,1.0
Send Me to the 'Lectric Chair,0.0
Chapter 7.2 - Król Maciuś Pierwszy,0.0
Two Sleepy People,0.0
Alma de Cotorro - Remasterizado,0.0
Milonga con Variaciones - Instrumental (Remasterizado),0.0
Gabino - Remasterizado,0.0
Chapter 100 - The Unlit Lamp,0.0
Chapter 175.2 & Chapter 176.1 - Sprawy Sherlocka Holmesa,0.0
Feel Like Home (feat. Styles of Beyond)___Fort Minor,1.0
Kapitel 208 - Der Page und die Herzogin,0.0
Amor Que Muere - Remasterizado,0.0
Medicine___Tiny Moving Parts,1.0
Spinning___With Confidence,1.0
El Poncho del Amor - Remasterizado,0.0
"Yes, Indeed!",0.0
Adam And Eve Had The Blues,0.0
Basin Street Blues,0.0
Chapter 107.2 & Chapter 108.1 - Dolina strachu,0.0
Глава 5. Часть 1.9 - Кюхля,0.0
Musket Fire___Blame Me!,1.0
Chapter 174 - The Unlit Lamp,0.0
Bitter End___Fit For A King,1.0
Глава 9. Часть 1.10 - Кюхля,0.0
Rebirthing___Skillet,1.0
Chapter 1.9 - Król Maciuś Pierwszy,0.0
Chapter 39.2 & Chapter 40.1 - Sprawy Sherlocka Holmesa,0.0
Глава 11. Часть 2.4 - Кюхля,0.0
Chapter 92 - The Unlit Lamp,0.0
Il Suffit D'un Rien,0.0
Glitch___Parkway Drive,1.0
flowers___Ichika Nito,1.0
El Titán - Instrumental (Remasterizado),0.0
Ascendancy___Trivium,1.0
Toda Mia - Instrumental (Remasterizado 2018),0.0
Chapter 11.12 - Król Maciuś Pierwszy,0.0
Chapter 9.8 - Król Maciuś Pierwszy,0.0
Popular Monster___Falling In Reverse,1.0
"I'm Made Of Wax, Larry, What Are You Made Of?___A Day To Remember",1.0
Chapter 183.2 & Chapter 184 & Chapter 185.1 - Sprawy Sherlocka Holmesa,0.0
Given Up___Linkin Park,1.0
Amaranth___Nightwish,1.0
Chapter 6.6 - Król Maciuś Pierwszy,0.0
Knockin' On Heaven's Door___Guns N' Roses,1.0
Alone Again___Dokken,1.0
I Miss You___blink-182,1.0
Kapitel 77 - Der Page und die Herzogin,0.0
What's My Age Again?___blink-182,1.0
Work House Blues,0.0
El Brujo - Remasterizado,0.0
Chapter 1.15 - Król Maciuś na wyspie bezludnej,0.0
Les grains de beauté,0.0
Juventud - Remasterizado,0.0
Be Mine in Tears___Lacrimas Profundere,1.0
Глава 9. Часть 2.7 - Кюхля,0.0
Chainsaw Gutsfuck___Mayhem,0.0
Fake Reality___Low Hum,1.0
Sin Rumbo - Instrumental (Remasterizado),0.0
Slow Bloom___The Home Team,1.0
Sakura___Windrunner,1.0
45___Shinedown,1.0
Глава 5. Часть 1.15 & Глава 5. Часть 2.1 - Кюхля,0.0
salvation___Ichika Nito,1.0
Sweethearts On Parade,0.0
Death Or Jail___Sick Of It All,1.0
Nomoreroses___Holding Absence,1.0
The Unkillable Soldier___Sabaton,1.0
Chapter 92.2 & Chapter 93 & Chapter 94.1 - Dolina strachu,0.0
The King of the Zulus,1.0
Bye Bye Blues,0.0
Good Enough___Ichika Nito,0.0
The Darkest Nights___As I Lay Dying,1.0
Serenata A Surriento,0.0
Yo Busco a Mi Pebeta - Remasterizado,0.0
La Oveja Descarriada - Instrumental (Remasterizado),0.0
Kapitel 24 - Der Page und die Herzogin,0.0
Circles___Varials,1.0
Déjà vu___Avril Lavigne,1.0
I Don't Want to Be Afraid Anymore___Prison,1.0
Chapter 30 - The Unlit Lamp,0.0
My Heart,0.0
Northern Sky,0.0
Knee Drops,0.0
Chapter 69.2 & Chapter 70.1 - Dolina strachu,0.0
Tomasito - Remasterizado,0.0
S.O.L. Blues,0.0
Chapter 1.14 - Król Maciuś Pierwszy,0.0
Chapter 3.3 - Zamek kaniowski,0.0
Sondela,1.0
Kapitel 368 - Der Page und die Herzogin,0.0
Capítulo 2.10 - Corto Viaje a Casa,0.0
La Ratonera - Remasterizado,0.0
Birdcage___Holding Absence,0.0
Chapter 240.2 & Chapter 241.1 - Sprawy Sherlocka Holmesa,0.0
J'ai L'cafard,0.0
Wild Side___Mötley Crüe,1.0
Kapitel 433 - Der Page und die Herzogin,0.0
Chapter 4.21 & Chapter 5.1 - Król Maciuś Pierwszy,0.0
Глава 7. Часть 2.7 - Кюхля,0.0
Fragments of a Bitter Memory___Dying Wish,1.0
Chapter 17.2 & Chapter 18.1 - Sprawy Sherlocka Holmesa,0.0
Chapter 11.3 - Król Maciuś Pierwszy,0.0
Unwavering Vow___Counterparts,1.0
Libertine___Architects,1.0
Chapter 4.6 - Król Maciuś na wyspie bezludnej,0.0
Siempre Tuyo - Remasterizado,0.0
"Carmen : Acte III - Holà, holà, José... (Duo)",0.0
Sax-o-phun,0.0
The Flying Carousel - Edit___The Alligator Wine,1.0
Todo Por Un Amor - Instrumental (Remasterizado),0.0
Neurotica___Polyphia,1.0
Stand Steady___Real Friends,1.0
In Vertigo___The Agonist,1.0
Say You Like Me___We The Kings,1.0
Push It___Static-X,1.0
phantom___Ichika Nito,1.0
Глава 5. Часть 2.4 - Кюхля,0.0
Clotildita - Remasterizado,0.0
Synthetic___Spineshank,1.0
My Heart,0.0
Kapitel 231 - Der Page und die Herzogin,0.0
Saturnia - Instrumental (Remasterizado),0.0
Fleur de lis___The Raven Age,1.0
Pain Remains III: In a Sea of Fire___Lorna Shore,1.0
Akhadt Sotak Men Rouhi,0.0
Глава 5. Часть 1.7 - Кюхля,0.0
Глава 9. Часть 2.11 & Глава 10. Часть 1.1 - Кюхля,0.0
Глава 1.1 - Кюхля,0.0
Antisocial___Anthrax,0.0
Falling Out___Secrets,1.0
Smile A Little Bit,1.0
Language I: Intuition___The Contortionist,1.0
Chapter 19.2 & Chapter 20.1 - Sprawy Sherlocka Holmesa,0.0
Put 'Em Down Blues,0.0
Impassion___Polyphia,1.0
You're Making a Joke with Your Friends and Suddenly You Realize You're Going to Die___NOMVDIC,1.0
Move Me___The Ghost Inside,1.0
Dusk to Day___Polaris,1.0
Veracruz - Remasterizado,0.0
Chapter 7.10 - Król Maciuś Pierwszy,0.0
She Belongs To Me,0.0
Pobre Cotorro - Remasterizado,0.0
Chapter 2.3 - Król Maciuś na wyspie bezludnej,0.0
Chapter 1.16 - Król Maciuś na wyspie bezludnej,0.0
Bruise___With Confidence,0.0
Roots Below___As I Lay Dying,1.0
Глава 12.5 - Кюхля,0.0
Chapter 117.2 & Chapter 118.1 - Sprawy Sherlocka Holmesa,0.0
You're Lucky To Me,0.0
Nebe Aye Shyama Nebe Aye,0.0
The House Always Wins (feat. Vinnie Paz)___Stray From The Path,1.0
Red Stars___The Birthday Massacre,1.0
You Only Live Once___Suicide Silence,1.0
Squeeze Me,0.0
Seasons___DragonForce,1.0
Chimera (feat. Lil West)___Polyphia,1.0
Chapter 69 - The Unlit Lamp,0.0
New Dawn___Oceans Ate Alaska,0.0
Chapter 188 - The Unlit Lamp,0.0
Cold___Crossfade,1.0
Heaven Can Wait - Remastered___Gamma Ray,1.0
The Turnaround___With Confidence,1.0
Phoenix Flame - Live___The Ghost Inside,1.0
Capítulo 1.6 - Banquero Anarquista,0.0
Chapter 119 - The Unlit Lamp,0.0
Destroyer___Parkway Drive,1.0
Every Piece Matters___Plini,0.0
Call Me When You're Sober___Evanescence,1.0
"""Jubel"" - Overture, Op. 59",0.0
De Mil Amores - Remasterizado,0.0
Enth E Nd (Kutmasta Kurt Reanimation) [feat. Motion Man]___Linkin Park,0.0
Глава 10. Часть 1.5 - Кюхля,0.0
Chapter 9.20 & Chapter 10.1 - Król Maciuś Pierwszy,0.0
Rumors Of My Demise Have Been Greatly Exaggerated___Rise Against,1.0
...___FEVER 333,1.0
Kapitel 10 - Der Page und die Herzogin,0.0
Let's Get Away from It All,0.0
El Narcizo Negro - Remasterizado,0.0
Alles weg'n de Leut',0.0
Ruhmesmärsche der alten Armee 2. Teil,1.0
Cuando Llora la Milonga - Remasterizado,0.0
Pastures___Plini,0.0
Army of the Night___Powerwolf,1.0
The Time Is Now___Atreyu,1.0
Chapter 17 - The Unlit Lamp,0.0
California Blues,1.0
Tomorrow,1.0
Chapter 1.2 - O Janku wędrowniczku,0.0
La Danza,0.0
Jamie All Over___Mayday Parade,1.0
Chapter 103.2 & Chapter 104 & Chapter 105.1 - Sprawy Sherlocka Holmesa,0.0
Lux Æterna___Metallica,1.0
Pum...Garibaldi - Remasterizado,0.0
Le trompette en bois,0.0
Black Mammoth___Fit For An Autopsy,1.0
The Opening Move___Stray From The Path,1.0
Frontiers___Omnium Gatherum,0.0
Soulbound___Unleash The Archers,1.0
Kapitel 375 - Der Page und die Herzogin,0.0
Chapter 162 - The Unlit Lamp,0.0
Stardust,0.0
River of Souls,0.0
Compadrón - Remasterizado,0.0
Chapter 7.8 - Król Maciuś Pierwszy,0.0
Cauterize___As I Lay Dying,1.0
Oh Kay!: Overture,0.0
You'll Never Get to Heaven with Those Eyes,0.0
Die Alone___Silverstein,1.0
Глава 11. Часть 1.2 - Кюхля,0.0
"Carmen, 18, Acte 3: ""Coeur Des Contrebandiers""",0.0
Caricias De Mujer - Instrumental (Remasterizado),1.0
Y.R.O.___Racer X,0.0
Singin' The Blues,0.0
Onzory,0.0
Napulitanata,0.0
Глава 7. Часть 2.8 - Кюхля,0.0
The Hellion___Judas Priest,1.0
La Maldita Timidez - Remastered,0.0
Amigazo - Remasterizado,0.0
Alligator Crawl,0.0
Chapter 5.5 - Król Maciuś na wyspie bezludnej,0.0
Chapter 179.2 & Chapter 180.1 - Sprawy Sherlocka Holmesa,0.0
Monigote - Remasterizado,0.0
Where Were You___State Champs,1.0
Chapter 7.15 - Król Maciuś Pierwszy,0.0
S.I.M.P. (Squirrels in My Pants)___2 Guys n the Parque,1.0
Ladies And Gentlemen___Saliva,1.0
T for Texas,1.0
Pebeta elegante - Instrumental (Remasterizado),1.0
La Nieve - Remasterizado,0.0
Kapitel 3 - Der Page und die Herzogin,0.0
Steamboat Stomp,1.0
Se Va la Lancha - Remasterizado,0.0
La Vida Es Así - Remasterizado,0.0
Olguita - Instrumental (Remasterizado),0.0
Dig___Mudvayne,1.0
Otro Trago - Instrumental (Remasterizado),0.0
La Mora - Remasterizado,0.0
Chapter 6.4 - Król Maciuś Pierwszy,0.0
Can't Kick Up The Roots___Neck Deep,1.0
African Ripples,0.0
Celtos___Eluveitie,1.0
Devastation___Beartooth,1.0
Forevermore___Luna Mortis,0.0
Lonely___After Forever,1.0
Kapitel 191 - Der Page und die Herzogin,0.0
(What Did I Do to Be So) Black and Blue,0.0
When Your Lover Has Gone,0.0
Deadly Sinners___3 Inches Of Blood,1.0
Sleeping In___All Time Low,1.0
C'est La Valse Des Costauds,0.0
Tuxedo Blues - Remastered,0.0
La Diana - Remasterizado,0.0
The Sound Of Truth___As I Lay Dying,1.0
Dream Run___Parkway Drive,1.0
Your Ghost___Dark Divine,1.0
Potato Head Blues,0.0
The Nameless___Eluveitie,1.0
Глава 4. Часть 1.8 - Кюхля,0.0
Homesick___Dayseeker,1.0
(sic)___Blood Youth,1.0
Enter Sandman (Remastered)___Metallica,0.0
Spit Not Chewed___My Ticket Home,1.0
Dis Moi Pourquoi,0.0
Mulskinners Blues,1.0
"Empty Bed Blues, Pt. 1",0.0
Pain___Stereomud,1.0
Bartolito - Remasterizado,0.0
Chapter 15.2 & Chapter 16 & Chapter 17.1 - Sprawy Sherlocka Holmesa,0.0
The Slow Surrender___Parkway Drive,1.0
Walk___Pantera,0.0
Hotel California - Live Mix,0.0
lonely again___Ichika Nito,0.0
Chapter 2.20 - Król Maciuś Pierwszy,0.0
Rock You Like A Hurricane___Scorpions,0.0
Kapitel 338 - Der Page und die Herzogin,0.0
Taxis Marsch,0.0
"Save It, Pretty Mama",0.0
Kapitel 273 - Der Page und die Herzogin,0.0
Chapter 136 - The Unlit Lamp,0.0
Llora Hermano - Instrumental (Remasterizado),0.0
"Crazy, Mad, Insane___Beast In Black",1.0
I'm Wonderin' Who,0.0
Where We Go When We Die___Thornhill,1.0
Stacy's Mom___Fountains Of Wayne,1.0
Once In A While,1.0
Pussy Willow,0.0
Careless Whisper___Seether,1.0
"America, F**K Yeah! (From ""Team America World Police"")___Geek Music",1.0
Chapter 5.15 - Król Maciuś na wyspie bezludnej,0.0
Shake Me___Cinderella,0.0
Right Through Me___The Home Team,1.0
Señor de la Caridad,0.0
Opus #1,1.0
Kapitel 61 - Der Page und die Herzogin,0.0
Chapter 46 - The Unlit Lamp,0.0
Chapter 3.13 - Król Maciuś Pierwszy,0.0
In Your Face___Children Of Bodom,1.0
Darling___Eyes Set To Kill,1.0
Hotter Than That,0.0
The Pearls,1.0
"I Don't Want to Miss a Thing - From ""Armageddon"" Soundtrack___Aerosmith",1.0
Black Water Dawn___Eluveitie,1.0
Chapter 218.2 & Chapter 219.1 - Sprawy Sherlocka Holmesa,0.0
Chapter 119.2 & Chapter 120.1 - Dolina strachu,0.0
Re-Education (Through Labor)___Rise Against,1.0
Holy Wars...The Punishment Due - 2004 Remix___Megadeth,1.0
Kapitel 212 - Der Page und die Herzogin,0.0
Monkey Man Blues,0.0
"Church, I'm Fully Saved Today",0.0
Kapitel 443 - Der Page und die Herzogin,0.0
La Sulamita - Remasterizado,0.0
Low Gravy,0.0
Madame Pompadour - Remasterizado,0.0
Sun Doesn't Rise___Mushroomhead,1.0
Kapitel 99 - Der Page und die Herzogin,0.0
Mercy___Our Sorrows,0.0
Глава 4. Часть 2.5 - Кюхля,0.0
FWYTYK___I Prevail,0.0
Clarity___Bleed From Within,1.0
Chapter 205.2 & Chapter 206.1 - Sprawy Sherlocka Holmesa,0.0
Kapitel 253 - Der Page und die Herzogin,0.0
Yellowjacket (feat. Sam Carter)___Spiritbox,1.0
I Be on the Grind,1.0
Глава 1.6 - Кюхля,0.0
Seize the Day___Avenged Sevenfold,1.0
Down Hearted Blues,0.0
Jenny___NOTHING MORE,1.0
Time Machine (feat. Kai Hansen & Piet Sielck)___Heavenly,1.0
Seguirás la Caravana - Instrumental (Remasterizado),0.0
If I Ever Cry - You'll Never Know,0.0
Georgia Grind,0.0
Girl's Not Grey___AFI,1.0
Culpable - Remasterizado,0.0
Chapter 65 - The Unlit Lamp,0.0
Chapter 49 - The Unlit Lamp,0.0
Drunk___Dayseeker,1.0
Half Empty___State Champs,1.0
Moneda Falsa - Remasterizado,0.0
Pleadin' for the Blues,0.0
Kapitel 392 - Der Page und die Herzogin,0.0
Downfall___Children Of Bodom,1.0
Gato,0.0
Kapitel 180 - Der Page und die Herzogin,0.0
Lulu's Back In Town,0.0
Mean Conductor Blues,0.0
Bloodwork___36 Crazyfists,1.0
The Book of Heavy Metal (March of the Metallians)___Dream Evil,1.0
Keep This Up___The Story So Far,1.0
Reprogram - Single Version___Hacktivist,1.0
Глава 4. Часть 1.9 - Кюхля,0.0
Shaped by Fire___As I Lay Dying,1.0
Chapter 116.2 & Chapter 117.1 - Sprawy Sherlocka Holmesa,0.0
Chapter 3 - The Unlit Lamp,0.0
Kapitel 184 - Der Page und die Herzogin,0.0
Holy War___Thy Art Is Murder,1.0
"I am Oblivion, Pt. II___Bleed From Within",1.0
Triste Regreso - Instrumental (Remasterizado),0.0
Funeral Thirst___The Black Dahlia Murder,1.0
The Bard's Song - In the Forest - Remastered 2007___Blind Guardian,0.0
Needled 24 / 7___Children Of Bodom,1.0
xo___Emarosa,1.0
Chapter 105 - The Unlit Lamp,0.0
Hatawa,0.0
Holy Roller (feat. Ryo Kinoshita)___Spiritbox,1.0
Billy Goat Stomp,0.0
What do you want from me?___Bad Omens,1.0
Chapter 1.2 - Król Maciuś na wyspie bezludnej,0.0
Chapter 10.17 - Król Maciuś Pierwszy,0.0
En Aquel Cuartito - Remasterizado,0.0
Chapter 101 - The Unlit Lamp,0.0
Chapter 1.5 - Król Maciuś na wyspie bezludnej,0.0
The Sea of Tragic Beasts___Fit For An Autopsy,1.0
Fight Fire With Fire (Remastered)___Metallica,0.0
Angus Mcfife___Gloryhammer,1.0
Rainy Clouds,1.0
Heebie Jeebies,1.0
Muchachita Buena - Instrumental (Remasterizado),0.0
Muggles,0.0
Chapter 46.2 & Chapter 47 & Chapter 48.1 - Sprawy Sherlocka Holmesa,0.0
You Were the Only Good Thing That Happened Last Summer___7UPPERCUTS,0.0
Kapitel 158 - Der Page und die Herzogin,0.0
Chapter 72 - The Unlit Lamp,0.0
Les larmes de pierrot,0.0
Chapter 6.12 - Król Maciuś Pierwszy,0.0
Changeable Daddy Of Mine,0.0
Chapter 1.2 - Szkolne przygody Pimpusia Sadełko,0.0
I'm Gettin' Sentimental Over You,0.0
Chapter 112 - The Unlit Lamp,0.0
Chapter 8.4 - Król Maciuś na wyspie bezludnej,0.0
Chapter 164.2 & Chapter 165.1 - Sprawy Sherlocka Holmesa,0.0
Get Out and Get Under the Moon,0.0
A Drunkard's Child,1.0
The Grey___Bad Omens,1.0
Grato Recuerdo - Remasterizado,0.0
This Is The Six___While She Sleeps,1.0
Kapitel 233 - Der Page und die Herzogin,0.0
Chapter 3.6 - Król Maciuś na wyspie bezludnej,0.0
You're A Real Sweetheart,1.0
Kapitel 351 - Der Page und die Herzogin,0.0
Texas Moaner Blues - 78rpm Version,0.0
"Mighty Wings - From ""Top Gun"" Original Soundtrack___Cheap Trick",1.0
Deja la Farra - Instrumental (Remasterizado),0.0
Chapter 221.2 & Chapter 222.1 - Sprawy Sherlocka Holmesa,0.0
Death Note (feat. Ichika)___Polyphia,1.0
"A Smile Will Go A Long, Long Way",0.0
Porque - Remasterizado,0.0
You Will Be Held Accountable for Your Actions___Shin Guard,1.0
Dysmorphia (I'm So Sorry)___NOMVDIC,1.0
Pobre Canillita - Remasterizado,0.0
Once In a While,0.0
Chapter 65.2 & Chapter 66.1 - Sprawy Sherlocka Holmesa,0.0
Chicago Breakdown,1.0
Eagleheart___Stratovarius,1.0
La Valse Du Faubourg,0.0
Fortune Teller___Stray From The Path,1.0
Inhale___Plini,0.0
Little Boy Blue,0.0
Until The End___Breaking Benjamin,1.0
Mi Coronel - Instrumental (Remasterizado),0.0
Capítulo 1.5 - Corto Viaje a Casa,0.0
Romeo Delight - 2015 Remaster___Van Halen,1.0
Em Đéo Biết Nữa Anh Ơi___7UPPERCUTS,1.0
Глава 9. Часть 2.5 - Кюхля,0.0
Kapitel 319 - Der Page und die Herzogin,0.0
Глава 8. Часть 1.7 - Кюхля,0.0
Ruin My Life (feat. Deryck Whibley)___Simple Plan,1.0
Chapter 9.11 - Król Maciuś Pierwszy,0.0
Twelfth Street Rag,0.0
Chapter 8.13 - Król Maciuś Pierwszy,0.0
Chapter 6.13 - Król Maciuś Pierwszy,0.0
Kapitel 104 - Der Page und die Herzogin,0.0
Jazz Lips,0.0
Kapitel 217 - Der Page und die Herzogin,0.0
Sombras - Remasterizado,0.0
Thousandfold___Eluveitie,1.0
Been To Hell___Hollywood Undead,1.0
El Centenario - Remasterizado,0.0
Lonely Girl___Tonight Alive,1.0
Mercy___The Ghost Inside,0.0
Your Pain Is Mine___Fit For An Autopsy,1.0
Finale___Polyphia,1.0
"Faust, Acte 3, Scène Et Duo Du Jardin (1ère Partie): ""Il Était Temps! Sous Le Feuillage Sombre""",0.0
Christopher Columbus,0.0
The Other Side___Tonight Alive,1.0
My Curse___Killswitch Engage,1.0
Chapter 56.2 & Chapter 57.1 - Dolina strachu,0.0
Te Fuiste Hermano - Instrumental (Remasterizado),0.0
Chapter 180 - The Unlit Lamp,0.0
Descending___Sleep Token,0.0
Goodbye,0.0
Hey Ho! The Wind and the Rain,0.0
Yo Quiero un Novio Chauffer - Remasterizado,0.0
Al pasar por Dueñas,0.0
Doctor Jazz,1.0
Carmen : Acte IV - Voici le quadrille (Marche et choeur),0.0
Long Live The King___I Prevail,1.0
Cachonguita - Remasterizado,0.0
Session___Linkin Park,0.0
Ignorant___VEXED,1.0
Oh Kay!: Clap Yo' Hands,0.0
T.N.T.,0.0
Today is Gonna be a Great Day - Theme Song to Phineas and Ferb___Bowling For Soup,1.0
Surprise! You're Dead!___Faith No More,0.0
Sugar Baby - 2020 Remaster,0.0
Weather Bird,0.0
Motion Sickness___Neck Deep,1.0
She's Quiet___The Home Team,1.0
Somebody Save Me___Cinderella,0.0
La Garconiere - Remasterizado,0.0
Kapitel 90 - Der Page und die Herzogin,0.0
Smokehouse Blues,1.0
Die Rose vom Liebesgarten - Zwischenspiele: Funeral March,0.0
Chapter 2.7 - Król Maciuś na wyspie bezludnej,0.0
Olympus Mons___Pete Cottrell,1.0
Empyreal___Sylosis,1.0
Kapitel 44 - Der Page und die Herzogin,0.0
Frisco Whistle Blue,0.0
Drink___Alestorm,1.0
Chapter 5.13 - Król Maciuś Pierwszy,0.0
Engine 45___The Ghost Inside,1.0
Where Eagles Dare - 2015 Remaster___Iron Maiden,1.0
Big Fat Ma And Skinny Pa,0.0
Wild Man Blues,0.0
Thou Swell,0.0
Flying Home,0.0
Yo También Como Tú - Remasterizado,0.0
Chacun Son Truc,0.0
Break Stuff___Limp Bizkit,1.0
Chapter 5.18 - Król Maciuś Pierwszy,0.0
Dans Les Jardins De L'alhambra,0.0
The Place I Feel Safest___Currents,1.0
Night Crawler___Judas Priest,1.0
